completion_time,src,start,column,validator,completed,type,samples,block_id,messages,hops,id,row,num_messages
,89333137326635079115430978578397364590151192892532202457099489458922729533182,0,,,,FindOperation,,,120|121|122|828|923|964|,3,0,,
,71896941978754809488137974348151998693205792533709324513258578369466739949960,0,,,,FindOperation,,,123|124|125|655|655|865|865|907|907|1304|1304|1214|1214|1482|1482|1670|1670|1902|1902|2009|2009|2488|2488|2632|2632|2552|2552|2825|2825|2981|3099|3178|,16,1,,
,113971621484583213149305319679067523870715092451021047447352655827264442281807,0,,,,FindOperation,,,126|127|128|602|602|640|640|805|805|1043|1043|1160|1160|1568|1568|1411|1411|1758|1758|2048|2048|2201|2201|2512|2512|2742|2742|2957|2957|2986|3244|3305|,16,2,,
,90511429851826879211065261274096806209361290076668493692964796275875003980641,0,,,,FindOperation,,,129|130|131|551|551|653|653|1014|1014|1233|1233|1501|1501|1152|1152|1719|1719|1919|1919|1790|1790|2226|2226|1969|1969|2251|2251|2706|2706|2904|2818|2841|,16,3,,
,107758395224189915966009929936085500083576551061330295183245479691742702859344,0,,,,FindOperation,,,132|133|134|574|574|633|633|837|837|732|732|1064|1064|1291|1291|1717|1717|1414|1414|1873|1873|1920|1920|1658|1658|2295|2295|2436|2436|2595|2785|2988|,16,4,,
,58264319852933632286469580619958992168067118685244184571393188136088086908036,0,,,,FindOperation,,,135|136|137|680|872|1077|,3,5,,
,19191192076126320640924247483532137198489043609278031166569798519948120420409,0,,,,FindOperation,,,138|139|140|543|687|843|,3,6,,
,43568084745305296127223125163439810702938064612217787378858319248651442968139,0,,,,FindOperation,,,141|142|143|816|816|1185|1185|991|991|1023|1023|1529|1529|1429|1429|1733|1733|1905|1905|2087|2087|1890|1890|2366|2366|2476|2476|2127|2127|2527|2527|2860|2860|3026|3026|3148|3248|3346|,19,7,,
,107226767459581317767844583912817849269583998434099643520621297707898981728768,0,,,,FindOperation,,,144|145|146|500|506|782|,3,8,,
,53361331161743896077078469861579638670051149682413463443234311020456303226868,0,,,,FindOperation,,,147|148|149|540|540|671|671|813|813|1181|1181|1220|1220|1403|1403|1626|1626|1797|1797|1957|1957|1950|1950|1971|1971|2339|2339|2395|2395|2717|2580|2998|,16,9,,
,21083679024840227917741926176471142862932536578380136110289082334138381274505,0,,,,FindOperation,,,150|151|152|489|595|1001|,3,10,,
,86943771941966688752667475392185371836174192579274714875607531191477248999971,0,,,,FindOperation,,,153|154|155|667|667|689|689|1115|1115|977|977|1376|1376|1646|1646|1799|1799|2417|2417|2270|2270|2733|2733|2583|2583|2909|2909|2947|2947|3111|3111|3207|3193|3246|,17,11,,
,6139734692434225139696315491748680034056660966745086280273468544856540785789,0,,,,FindOperation,,,156|157|158|544|544|740|740|844|844|985|985|1312|1312|1489|1489|1299|1299|1735|1735|1857|1857|2314|2314|2028|2028|2248|2248|2794|2794|2977|2845|3211|,16,12,,
,83814183170291850251680823880522715558189094423550585243365458794131648333116,0,,,,FindOperation,,,159|160|161|486|486|495|495|790|790|1177|1177|936|936|1055|1055|1352|1352|1387|1387|1574|1574|1789|1789|1737|1737|1925|1925|2464|2464|2408|2418|2956|,16,13,,
,107226767459581317767844583912817849269583998434099643520621297707898981728768,0,,,,FindOperation,,,162|163|164|508|508|711|711|802|802|809|809|1263|1263|1413|1413|1557|1557|1731|1731|2175|2175|2203|2203|2451|2451|2597|2597|2530|2530|2773|2969|3169|,16,14,,
,107758395224189915966009929936085500083576551061330295183245479691742702859344,0,,,,FindOperation,,,165|166|167|571|571|746|746|1126|1126|956|956|1167|1167|1488|1488|1904|1904|1728|1728|2114|2114|2098|2098|1951|1951|2526|2526|2537|2537|2603|2603|3040|3006|3217|,17,15,,
,109013771847957065744947126485427112651375275941206822465313116917139066007929,0,,,,FindOperation,,,168|169|170|525|525|663|663|993|993|824|824|1402|1402|1234|1234|1444|1444|1847|1847|1946|1946|2073|2073|2381|2381|2920|2920|2792|2792|3044|3044|2757|3157|3269|,17,16,,
,50257864748696071111545604552366529653683846146637534008155069048676665739852,0,,,,FindOperation,,,171|172|173|522|522|857|857|974|974|1083|1083|1436|1436|1783|1783|2094|2094|2067|2067|2593|2593|2750|2750|2885|2885|2983|2983|3201|3201|3266|3266|3276|3276|3332|3332|3357|3360|3363|,19,17,,
,43568084745305296127223125163439810702938064612217787378858319248651442968139,0,,,,FindOperation,,,174|175|176|692|692|734|734|765|765|1325|1325|1439|1439|1405|1405|2119|2119|2133|2133|2085|2085|2693|2693|2732|2732|2934|2934|3185|3185|3227|3326|3355|,16,18,,
,90511429851826879211065261274096806209361290076668493692964796275875003980641,0,,,,FindOperation,,,177|178|179|549|549|657|657|733|733|1081|1081|1232|1232|1149|1149|1570|1570|1816|1816|2145|2145|1921|1921|2213|2213|2352|2352|2614|2614|2862|2708|2804|,16,19,,
,21083679024840227917741926176471142862932536578380136110289082334138381274505,0,,,,FindOperation,,,180|181|182|572|572|710|710|754|754|1089|1089|1476|1476|1938|1938|1494|1494|1812|1812|2221|2221|2384|2384|2438|2438|2892|2892|3034|3034|2937|3204|3331|,16,20,,
,21444763903864228777611728735683311458635985122844023709586719375032296896384,0,,,,FindOperation,,,183|184|185|490|490|579|579|695|695|1015|1015|1098|1098|940|940|1443|1443|1566|1566|1693|1693|1894|1894|2338|2338|2282|2282|2341|2341|2770|2811|2931|,16,21,,
,62101433460086714777742258717986077936219151512656858979668212515437770683208,0,,,,FindOperation,,,186|187|188|514|514|644|644|589|589|911|911|877|877|1018|1018|1313|1313|1559|1559|1621|1621|1885|1885|2189|2189|2577|2577|2310|2310|2695|2695|2840|2686|3137|,17,22,,
,107442146857094918533505676591216762960158330958637723605132424179098757693914,0,,,,FindOperation,,,189|190|191|623|623|650|650|776|776|1113|1113|1241|1241|1467|1467|1357|1357|1694|1694|1773|1773|1879|1879|2017|2017|2204|2204|2309|2309|2275|2776|2749|,16,23,,
,53361331161743896077078469861579638670051149682413463443234311020456303226868,0,,,,FindOperation,,,192|193|194|538|538|670|670|811|975|1180|,5,24,,
,107758395224189915966009929936085500083576551061330295183245479691742702859344,0,,,,FindOperation,,,195|196|197|575|575|580|580|886|886|730|730|1326|1326|1274|1274|1754|1754|1743|1743|1456|1456|1994|1994|2086|2086|2455|2455|2278|2278|2450|2450|2854|2854|3129|2999|3056|,18,25,,
,81369626915381206686123294800870750548857161636807104342760885069864211144176,0,,,,FindOperation,,,198|199|200|590|590|1053|957|1032|,4,26,,
,113971621484583213149305319679067523870715092451021047447352655827264442281807,0,,,,FindOperation,,,201|202|203|588|588|897|897|797|797|942|942|1280|1280|1323|1323|1681|1681|2025|2025|2206|2206|2006|2006|2045|2045|2622|2622|2554|2554|2952|2952|3072|3061|3340|,17,27,,
,62101433460086714777742258717986077936219151512656858979668212515437770683208,0,,,,FindOperation,,,204|205|206|604|604|779|779|910|910|1272|1272|1226|1226|1678|1678|1641|1641|1945|1945|2198|2198|1880|1880|2518|2518|2340|2340|2602|2602|2949|2905|3035|,16,28,,
,83814183170291850251680823880522715558189094423550585243365458794131648333116,0,,,,FindOperation,,,207|208|209|669|960|1004|,3,29,,
,110830005025784807707885435240401099235828375068450137393853593228726798821950,0,,,,FindOperation,,,210|211|212|625|625|652|652|716|716|1141|1141|1230|1230|1460|1460|1398|1398|1793|1793|2013|2013|1869|1869|2211|2211|2626|2626|2719|2719|2992|2992|3055|2748|3187|,17,30,,
,16646573879907590399509196024616451507181138714942166530960518507274707557048,0,,,,FindOperation,,,213|214|215|768|768|829|829|1256|1256|1002|1002|1415|1415|1612|1612|1526|1526|1874|1874|2066|2066|2058|2058|2239|2239|1955|1955|2506|2506|2452|2803|3024|,16,31,,
,19191192076126320640924247483532137198489043609278031166569798519948120420409,0,,,,FindOperation,,,216|217|218|541|541|686|686|846|846|1184|1184|1551|1551|1477|1477|1917|1917|2290|2290|2212|2212|2600|2600|2446|2446|2767|2767|2961|2961|3132|3132|3251|3251|3278|3278|3351|3348|3350|,19,32,,
,43568084745305296127223125163439810702938064612217787378858319248651442968139,0,,,,FindOperation,,,219|220|221|690|690|731|731|757|757|1412|1412|1556|1556|1576|1576|2103|2103|2130|2130|2470|2470|2612|2612|3038|3038|2897|2897|3240|3240|3102|3102|3290|3290|3287|3287|3263|3329|3338|,19,33,,
,58264319852933632286469580619958992168067118685244184571393188136088086908036,0,,,,FindOperation,,,222|223|224|482|482|717|717|726|726|878|878|1161|1161|1457|1457|1353|1353|1491|1491|2072|2072|2037|2037|2135|2135|2547|2547|2763|2763|2625|2625|3037|3037|2954|3197|3325|,18,34,,
,109013771847957065744947126485427112651375275941206822465313116917139066007929,0,,,,FindOperation,,,225|226|227|528|812|1074|,3,35,,
,62101433460086714777742258717986077936219151512656858979668212515437770683208,0,,,,FindOperation,,,228|229|230|524|524|592|592|674|674|706|706|1166|1166|1586|1586|1324|1324|1502|1502|1860|1860|2183|2183|2368|2368|2425|2425|2875|2875|2800|3123|3188|,16,36,,
,107226767459581317767844583912817849269583998434099643520621297707898981728768,0,,,,FindOperation,,,231|232|233|775|775|800|800|815|815|1247|1247|1454|1454|1546|1546|1655|1655|2083|2083|2242|2242|1923|1923|2232|2232|2517|2517|2588|2588|2720|3053|3032|,16,37,,
,21083679024840227917741926176471142862932536578380136110289082334138381274505,0,,,,FindOperation,,,234|235|236|573|573|750|750|817|817|1196|1196|1031|1031|1343|1343|1523|1523|1713|1713|1916|1916|2202|2202|2654|2654|2795|2795|2863|2863|3183|3191|3218|,16,38,,
,58264319852933632286469580619958992168067118685244184571393188136088086908036,0,,,,FindOperation,,,237|238|239|483|483|715|715|720|720|992|992|1262|1262|1314|1314|1629|1629|1666|1666|2105|2105|2241|2241|2435|2435|2958|2958|3030|3030|2938|3267|3319|,16,39,,
,80078577880492190055291958835687491351447235353520825150881534967336775717810,0,,,,FindOperation,,,240|241|242|694|694|836|836|926|926|1322|1322|1806|1806|1640|1640|1856|1856|2316|2316|2789|2789|2574|2574|2993|2993|2822|2822|3164|3164|3237|3134|3299|,16,40,,
,80078577880492190055291958835687491351447235353520825150881534967336775717810,0,,,,FindOperation,,,243|244|245|691|698|961|,3,41,,
,109013771847957065744947126485427112651375275941206822465313116917139066007929,0,,,,FindOperation,,,246|247|248|693|693|786|786|814|814|1131|1131|1292|1292|1276|1276|1474|1474|1853|1853|2043|2043|2623|2623|2754|2754|2346|2346|2666|2666|3023|3023|3210|3106|3253|,17,42,,
,8523364268682509341164509062146178716950902529288496594674276389115196640448,0,,,,FindOperation,,,249|250|251|556|945|999|,3,43,,
,20834994022199432358117239076087879786734224697014068324550418630164266292172,0,,,,FindOperation,,,252|253|254|609|609|676|676|724|724|930|930|1254|1254|1682|1682|1552|1552|1547|1547|2322|2322|2233|2233|2573|2573|2849|2849|3002|3002|3135|3254|3306|,16,44,,
,107226767459581317767844583912817849269583998434099643520621297707898981728768,0,,,,FindOperation,,,255|256|257|504|504|864|864|970|970|1092|1092|1350|1350|1625|1625|1774|1774|1954|1954|1826|1826|2320|2320|2035|2035|2505|2505|2634|2634|2805|2604|2944|,16,45,,
,53361331161743896077078469861579638670051149682413463443234311020456303226868,0,,,,FindOperation,,,258|259|260|503|503|581|581|905|905|933|933|1045|1045|1344|1344|1499|1499|1912|1912|2027|2027|2391|2391|2258|2258|2628|2628|2646|2646|3011|3011|3082|3082|3206|3206|3143|3297|3315|,19,46,,
,86943771941966688752667475392185371836174192579274714875607531191477248999971,0,,,,FindOperation,,,261|262|263|662|826|847|,3,47,,
,71896941978754809488137974348151998693205792533709324513258578369466739949960,0,,,,FindOperation,,,264|265|266|600|600|668|668|703|703|1054|1054|1147|1147|1155|1155|1315|1315|1798|1798|1961|1961|1937|1937|2337|2337|2558|2558|2590|2590|2896|2810|3005|,16,48,,
,78506933086795364704086891885315902559701516460652039157379722272371046958496,0,,,,FindOperation,,,267|268|269|492|492|688|688|762|762|755|755|1432|1432|1447|1447|1599|1599|2091|2091|2084|2084|2461|2461|2489|2489|2694|2694|2881|2881|3094|3144|3216|,16,49,,
,81369626915381206686123294800870750548857161636807104342760885069864211144176,0,,,,FindOperation,,,270|271|272|591|591|963|963|949|949|1035|1035|1490|1490|1514|1514|1780|1780|1910|1910|2196|2196|2365|2365|2598|2598|2835|2835|3017|3017|3161|3161|3291|3327|3347|,17,50,,
,107758395224189915966009929936085500083576551061330295183245479691742702859344,0,,,,FindOperation,,,273|274|275|639|742|947|,3,51,,
,19191192076126320640924247483532137198489043609278031166569798519948120420409,0,,,,FindOperation,,,276|277|278|505|505|673|673|696|696|912|912|1216|1216|1171|1171|1699|1699|1918|1918|1897|1897|2553|2553|2579|2579|2793|2793|3045|3045|3256|3256|3231|3231|3324|3324|3361|3356|3358|,19,52,,
,58264319852933632286469580619958992168067118685244184571393188136088086908036,0,,,,FindOperation,,,279|280|281|487|487|714|714|721|721|876|876|1165|1165|1349|1349|1445|1445|1809|1809|1669|1669|1991|1991|2147|2147|2516|2516|2342|2342|2613|2613|2926|2926|3139|3097|3083|,18,53,,
,90511429851826879211065261274096806209361290076668493692964796275875003980641,0,,,,FindOperation,,,282|283|284|499|658|1010|,3,54,,
,110830005025784807707885435240401099235828375068450137393853593228726798821950,0,,,,FindOperation,,,285|286|287|550|550|736|736|794|794|1229|1229|1307|1307|1589|1589|1267|1267|1631|1631|2024|2024|2184|2184|2161|2161|2633|2633|2611|2611|2656|2979|3009|,16,55,,
,21444763903864228777611728735683311458635985122844023709586719375032296896384,0,,,,FindOperation,,,288|289|290|605|605|834|834|1028|1028|887|887|1290|1290|1375|1375|1368|1368|1689|1689|1766|1766|1727|1727|2074|2074|2289|2289|2551|2551|2531|2893|2919|,16,56,,
,80078577880492190055291958835687491351447235353520825150881534967336775717810,0,,,,FindOperation,,,291|292|293|784|784|842|842|929|929|1679|1679|1560|1560|1695|1695|2156|2156|2302|2302|2401|2401|2917|2917|2765|2765|2832|2832|3163|3163|3150|3150|3190|3292|3333|,17,57,,
,8523364268682509341164509062146178716950902529288496594674276389115196640448,0,,,,FindOperation,,,294|295|296|944|944|1003|1003|1085|1085|1742|1742|2038|2038|1974|1974|2601|2601|2481|2481|2679|2679|2861|2861|2918|2918|2955|2955|3063|3063|3117|3117|3272|3272|3279|3279|3311|3339|3301|,19,58,,
,21083679024840227917741926176471142862932536578380136110289082334138381274505,0,,,,FindOperation,,,297|298|299|576|576|756|756|819|819|978|978|1156|1156|1248|1248|1535|1535|1507|1507|1892|1892|1677|1677|2112|2112|2104|2104|2515|2515|2440|2440|2721|2721|2844|2844|2826|2511|2970|,19,59,,
,16646573879907590399509196024616451507181138714942166530960518507274707557048,0,,,,FindOperation,,,300|301|302|527|527|546|546|806|806|823|823|1097|1097|1286|1286|1183|1183|1493|1493|1726|1726|1823|1823|2064|2064|2330|2330|2545|2545|2267|2809|2751|,16,60,,
,36093602753225695073056342998991212823352056071849651795082108548812171441038,0,,,,FindOperation,,,303|304|305|563|563|713|713|1175|1175|955|955|1169|1169|1434|1434|1577|1577|1723|1723|1992|1992|2311|2311|1982|1982|2222|2222|2696|2696|2895|2895|2857|2857|3084|3084|3239|3289|3283|,19,61,,
,36093602753225695073056342998991212823352056071849651795082108548812171441038,0,,,,FindOperation,,,306|307|308|510|510|705|705|712|712|1070|1070|1305|1305|951|951|1425|1425|1448|1448|1711|1711|1794|1794|2077|2077|2378|2378|2498|2498|2671|2371|3033|,16,62,,
,21444763903864228777611728735683311458635985122844023709586719375032296896384,0,,,,FindOperation,,,309|310|311|787|787|909|909|1243|1243|939|939|1406|1406|1527|1527|1600|1600|1651|1651|1895|1895|1900|1900|2262|2262|2521|2521|2358|2358|2432|2799|2906|,16,63,,
,50257864748696071111545604552366529653683846146637534008155069048676665739852,0,,,,FindOperation,,,312|313|314|523|523|645|645|1020|1020|1245|1245|1078|1078|1782|1782|1903|1903|2259|2259|2008|2008|2662|2662|2782|2782|3060|3060|2914|2914|3262|3262|3307|3307|3323|3323|3352|3359|3362|,19,64,,
,89333137326635079115430978578397364590151192892532202457099489458922729533182,0,,,,FindOperation,,,315|316|317|660|660|972|972|982|982|1257|1257|1686|1686|1838|1838|1871|1871|2437|2437|2449|2449|2715|2715|2948|2948|3018|3018|3121|3121|3156|3281|3300|,16,65,,
,15816423376537687498175658716381325840356423323453352469729329490184209416980,0,,,,FindOperation,,,318|319|320|835|948|1059|,3,66,,
,78506933086795364704086891885315902559701516460652039157379722272371046958496,0,,,,FindOperation,,,321|322|323|654|654|737|737|799|799|1130|1130|1158|1158|1428|1428|1336|1336|1729|1729|1788|1788|2026|2026|1732|1732|2499|2499|2406|2406|2846|2564|3155|,16,67,,
,16646573879907590399509196024616451507181138714942166530960518507274707557048,0,,,,FindOperation,,,324|325|326|526|526|548|548|770|770|1124|1124|922|922|1034|1034|1338|1338|1607|1607|1825|1825|1596|1596|1760|1760|2128|2128|2398|2398|2707|2707|2484|2484|2586|2586|2982|3119|3174|,19,68,,
,86943771941966688752667475392185371836174192579274714875607531191477248999971,0,,,,FindOperation,,,327|328|329|661|661|833|833|863|863|1219|1219|1146|1146|1512|1512|1446|1446|1518|1518|2050|2050|2220|2220|2154|2154|2689|2689|2984|2984|3075|3075|3229|3043|3317|,17,69,,
,50257864748696071111545604552366529653683846146637534008155069048676665739852,0,,,,FindOperation,,,330|331|332|647|752|769|,3,70,,
,80078577880492190055291958835687491351447235353520825150881534967336775717810,0,,,,FindOperation,,,333|334|335|697|697|772|772|840|840|1333|1333|1360|1360|1650|1650|1861|1861|2049|2049|2264|2264|2400|2400|2296|2296|2525|2525|2850|2850|2879|2911|3208|,16,71,,
,8523364268682509341164509062146178716950902529288496594674276389115196640448,0,,,,FindOperation,,,336|337|338|507|507|928|928|1082|1082|1218|1218|1608|1608|2176|2176|2122|2122|2529|2529|2068|2068|2647|2647|2801|2801|3000|3000|2945|2945|2975|3270|3303|,16,72,,
,107442146857094918533505676591216762960158330958637723605132424179098757693914,0,,,,FindOperation,,,339|340|341|534|534|684|684|629|629|656|656|1037|1037|1255|1255|1386|1386|1250|1250|1668|1668|1738|1738|1849|1849|1801|1801|2033|2033|2194|2194|2328|2328|2361|2766|2888|,18,73,,
,83814183170291850251680823880522715558189094423550585243365458794131648333116,0,,,,FindOperation,,,342|343|344|484|484|497|497|792|792|1179|1179|935|935|1056|1056|1351|1351|1389|1389|1573|1573|1791|1791|1734|1734|1922|1922|2465|2465|2411|2416|2959|,16,74,,
,78506933086795364704086891885315902559701516460652039157379722272371046958496,0,,,,FindOperation,,,345|346|347|502|502|596|682|1068|,4,75,,
,107442146857094918533505676591216762960158330958637723605132424179098757693914,0,,,,FindOperation,,,348|349|350|619|619|651|651|664|664|1153|1153|1192|1192|1213|1213|1520|1520|1601|1601|1814|1814|1781|1781|1827|1827|2055|2055|2180|2180|2426|2680|2929|,16,76,,
,8523364268682509341164509062146178716950902529288496594674276389115196640448,0,,,,FindOperation,,,351|352|353|509|509|927|927|1075|1075|1080|1080|1465|1465|1661|1661|1741|1741|1642|1642|1850|1850|1977|1977|2195|2195|2065|2065|2367|2367|2668|2668|2672|2672|2620|2620|3138|3198|3230|,19,77,,
,8494962651170941019486294942303452865045959709160683987927972345505688610755,0,,,,FindOperation,,,354|355|356|637|637|890|890|1302|1302|1005|1005|1306|1306|1606|1606|1664|1664|2057|2057|2174|2174|2307|2307|2688|2688|2834|2834|2997|2997|2786|2786|3087|3087|2923|2923|3223|3294|3312|,19,78,,
,83814183170291850251680823880522715558189094423550585243365458794131648333116,0,,,,FindOperation,,,357|358|359|485|485|494|494|704|704|832|832|781|781|1225|1225|1221|1221|1525|1525|1815|1815|1752|1752|2291|2291|2287|2287|2560|2560|2667|2667|2891|3070|3271|,17,79,,
,50257864748696071111545604552366529653683846146637534008155069048676665739852,0,,,,FindOperation,,,360|361|362|533|533|751|751|771|771|1076|1076|1435|1435|1585|1585|2162|2162|1911|1911|2116|2116|2508|2508|2412|2412|2724|2724|2816|2816|2939|3165|3171|,16,80,,
,110830005025784807707885435240401099235828375068450137393853593228726798821950,0,,,,FindOperation,,,363|364|365|679|679|1057|1057|858|858|987|987|1380|1380|1497|1497|1759|1759|1887|1887|1736|1736|1984|1984|2266|2266|2261|2261|2250|2250|2584|2657|2808|,16,81,,
,20834994022199432358117239076087879786734224697014068324550418630164266292172,0,,,,FindOperation,,,366|367|368|562|562|606|606|718|718|1123|1123|1203|1203|1647|1647|1472|1472|1993|1993|2146|2146|1884|1884|2276|2276|2336|2336|2319|2319|2727|2727|3057|3057|3167|3167|2974|3096|3328|,19,82,,
,78506933086795364704086891885315902559701516460652039157379722272371046958496,0,,,,FindOperation,,,369|370|371|488|488|685|685|753|753|848|848|1222|1222|1150|1150|1335|1335|1524|1524|1864|1864|1948|1948|1835|1835|2292|2292|2599|2599|2636|2848|3136|,16,83,,
,6139734692434225139696315491748680034056660966745086280273468544856540785789,0,,,,FindOperation,,,372|373|374|537|839|986|,3,84,,
,113971621484583213149305319679067523870715092451021047447352655827264442281807,0,,,,FindOperation,,,375|376|377|585|585|796|796|901|901|1182|1182|1330|1330|1777|1777|1680|1680|2240|2240|1999|1999|2253|2253|2563|2563|2814|2814|2755|2755|2866|3153|3209|,16,85,,
,6139734692434225139696315491748680034056660966745086280273468544856540785789,0,,,,FindOperation,,,378|379|380|498|498|542|542|613|613|1079|1079|1024|1024|1215|1215|1786|1786|2252|2252|1915|1915|2131|2131|2475|2475|2687|2687|2709|2709|2873|2894|2768|,16,86,,
,89333137326635079115430978578397364590151192892532202457099489458922729533182,0,,,,FindOperation,,,381|382|383|480|480|831|831|1033|1033|1327|1327|1132|1132|1811|1811|1824|1824|2210|2210|2231|2231|2158|2158|2544|2544|2539|2539|2836|2836|2842|2842|2876|2876|3127|3199|3238|,18,87,,
,8494962651170941019486294942303452865045959709160683987927972345505688610755,0,,,,FindOperation,,,384|385|386|641|937|1000|,3,88,,
,20834994022199432358117239076087879786734224697014068324550418630164266292172,0,,,,FindOperation,,,387|388|389|610|677|723|,3,89,,
,112865437415906332786328398388168845416308980718933860169122309032360379224223,0,,,,FindOperation,,,390|391|392|860|860|852|852|1038|1038|1645|1645|1617|1617|1690|1690|2134|2134|2111|2111|2477|2477|2486|2486|2635|2635|2859|2859|2670|2670|2967|2967|3064|3064|3203|3203|3282|3321|3277|,19,90,,
,109013771847957065744947126485427112651375275941206822465313116917139066007929,0,,,,FindOperation,,,393|394|395|760|760|780|780|810|810|1129|1129|1395|1395|1423|1423|1662|1662|2216|2216|2152|2152|2399|2399|2641|2641|2199|2199|2946|2946|2925|2925|3228|3100|3274|,17,91,,
,112865437415906332786328398388168845416308980718933860169122309032360379224223,0,,,,FindOperation,,,396|397|398|635|849|1039|,3,92,,
,15816423376537687498175658716381325840356423323453352469729329490184209416980,0,,,,FindOperation,,,399|400|401|530|530|761|761|997|997|1301|1301|1228|1228|1863|1863|2010|2010|1972|1972|2608|2608|2743|2743|2843|2843|3192|3192|3089|3089|3236|3322|3344|,16,93,,
,90511429851826879211065261274096806209361290076668493692964796275875003980641,0,,,,FindOperation,,,402|403|404|491|491|565|565|561|561|584|584|783|783|979|979|1261|1261|1275|1275|1844|1844|1481|1481|1986|1986|1907|1907|2121|2121|2265|2483|2555|,16,94,,
,16646573879907590399509196024616451507181138714942166530960518507274707557048,0,,,,FindOperation,,,405|406|407|614|825|998|,3,95,,
,71896941978754809488137974348151998693205792533709324513258578369466739949960,0,,,,FindOperation,,,408|409|410|598|665|702|,3,96,,
,8494962651170941019486294942303452865045959709160683987927972345505688610755,0,,,,FindOperation,,,411|412|413|821|821|856|856|1285|1285|984|984|1426|1426|1550|1550|1712|1712|1579|1579|1784|1784|2164|2164|2076|2076|2653|2653|2764|2764|2783|2783|3079|3079|3166|3166|3219|3268|3320|,19,97,,
,21444763903864228777611728735683311458635985122844023709586719375032296896384,0,,,,FindOperation,,,414|415|416|493|583|607|,3,98,,
,107442146857094918533505676591216762960158330958637723605132424179098757693914,0,,,,FindOperation,,,417|418|419|659|659|785|885|1172|,4,99,,
,110830005025784807707885435240401099235828375068450137393853593228726798821950,0,,,,FindOperation,,,420|421|422|535|830|855|,3,100,,
,113971621484583213149305319679067523870715092451021047447352655827264442281807,0,,,,FindOperation,,,423|424|425|597|597|638|638|773|1311|1385|,5,101,,
,36093602753225695073056342998991212823352056071849651795082108548812171441038,0,,,,FindOperation,,,426|427|428|496|646|725|,3,102,,
,15816423376537687498175658716381325840356423323453352469729329490184209416980,0,,,,FindOperation,,,429|430|431|841|841|953|953|1062|1062|1442|1442|1657|1657|1671|1671|2110|2110|2059|2059|2056|2056|2642|2642|3010|3010|2769|2769|2878|2878|3149|3149|3177|3177|3225|3225|3255|3313|3341|,19,103,,
,86943771941966688752667475392185371836174192579274714875607531191477248999971,0,,,,FindOperation,,,432|433|434|672|672|862|862|1072|1072|1284|1284|1609|1609|1404|1404|1837|1837|1875|1875|2019|2019|2675|2675|2557|2557|2943|2943|2609|2609|3048|3202|3247|,16,104,,
,53361331161743896077078469861579638670051149682413463443234311020456303226868,0,,,,FindOperation,,,435|436|437|501|501|547|547|915|915|1316|1316|1112|1112|1051|1051|1627|1627|1730|1730|1720|1720|1973|1973|2283|2283|2394|2394|2448|2448|2980|2872|2907|,16,105,,
,15816423376537687498175658716381325840356423323453352469729329490184209416980,0,,,,FindOperation,,,438|439|440|838|838|950|950|1063|1063|1475|1475|1968|1968|1848|1848|1876|1876|2495|2495|2434|2434|2433|2433|2685|2685|2774|2774|2806|2806|3001|3001|2994|2994|3220|3220|3160|3330|3296|,19,106,,
,71896941978754809488137974348151998693205792533709324513258578369466739949960,0,,,,FindOperation,,,441|442|443|599|599|666|666|866|866|701|701|1151|1151|1240|1240|1260|1260|1796|1796|1906|1906|2308|2308|1995|1995|2673|2673|2713|2713|2788|3041|3036|,16,107,,
,20834994022199432358117239076087879786734224697014068324550418630164266292172,0,,,,FindOperation,,,444|445|446|608|608|675|675|722|722|1231|1231|1259|1259|1753|1753|1471|1471|1740|1740|2166|2166|2153|2153|2396|2396|2524|2524|2576|2576|2321|2321|2965|2965|3003|3003|3105|3257|3288|,19,108,,
,112865437415906332786328398388168845416308980718933860169122309032360379224223,0,,,,FindOperation,,,447|448|449|632|632|850|850|1040|1040|1602|1602|1317|1317|1672|1672|2005|2005|2284|2284|2462|2462|2474|2474|2246|2246|2777|2777|2858|2858|2744|2744|3093|3093|3109|3109|3118|3273|3310|,19,109,,
,19191192076126320640924247483532137198489043609278031166569798519948120420409,0,,,,FindOperation,,,450|451|452|545|545|612|612|818|818|1122|1122|1061|1061|941|941|1427|1427|1374|1374|1653|1653|1571|1571|1702|1702|1936|1936|2090|2090|2137|2288|2734|,16,110,,
,6139734692434225139696315491748680034056660966745086280273468544856540785789,0,,,,FindOperation,,,453|454|455|539|539|709|709|845|845|988|988|1271|1271|1708|1708|1877|1877|1636|1636|2182|2182|1888|1888|2325|2325|2615|2615|2431|2431|2833|3049|3066|,16,111,,
,112865437415906332786328398388168845416308980718933860169122309032360379224223,0,,,,FindOperation,,,456|457|458|636|636|859|859|1178|1178|1042|1042|1347|1347|1500|1500|1604|1604|1800|1800|1832|1832|1976|1976|2214|2214|2616|2616|2538|2538|2745|3027|3113|,16,112,,
,81369626915381206686123294800870750548857161636807104342760885069864211144176,0,,,,FindOperation,,,459|460|461|593|593|707|707|798|798|1258|1258|1485|1485|1300|1300|1407|1407|1956|1956|1997|1997|2245|2245|2040|2040|2364|2364|2546|2546|2738|2820|2887|,16,113,,
,43568084745305296127223125163439810702938064612217787378858319248651442968139,0,,,,FindOperation,,,462|463|464|759|808|980|,3,114,,
,8494962651170941019486294942303452865045959709160683987927972345505688610755,0,,,,FindOperation,,,465|466|467|634|634|1019|1019|889|889|1303|1303|934|934|1673|1673|1588|1588|1696|1696|2113|2113|2271|2271|2329|2329|2710|2710|2415|2415|2649|2649|2856|2856|3071|3071|3073|3159|3308|,19,115,,
,81369626915381206686123294800870750548857161636807104342760885069864211144176,0,,,,FindOperation,,,468|469|470|587|587|881|881|1096|1096|883|883|946|946|1354|1354|1503|1503|1764|1764|1587|1587|1767|1767|2132|2132|2354|2354|2353|2353|2930|2678|3008|,16,116,,
,36093602753225695073056342998991212823352056071849651795082108548812171441038,0,,,,FindOperation,,,471|472|473|511|511|648|648|719|719|1148|1148|1119|1119|1630|1630|1430|1430|1721|1721|1931|1931|1958|1958|2129|2129|2300|2300|2523|2523|2419|3007|3068|,16,117,,
,62101433460086714777742258717986077936219151512656858979668212515437770683208,0,,,,FindOperation,,,474|475|476|518|708|875|,3,118,,
,89333137326635079115430978578397364590151192892532202457099489458922729533182,0,,,,FindOperation,,,477|478|479|481|481|827|827|943|943|1036|1036|1572|1572|1683|1683|1635|1635|2061|2061|2331|2331|2585|2585|2502|2502|3062|3062|3110|3110|3145|3285|3337|,16,119,,
168,113971621484583213149305319679067523870715092451021047447352655827264442281807,12001,0,yes,yes,ValidatorSamplingOperation,100,0,3424|188979|188980|,0,120,72,3
176,113971621484583213149305319679067523870715092451021047447352655827264442281807,12001,34,yes,yes,ValidatorSamplingOperation,100,0,3425|,0,121,0,1
96,113971621484583213149305319679067523870715092451021047447352655827264442281807,12001,0,yes,yes,ValidatorSamplingOperation,100,0,3426|175400|175401|,0,122,5,3
96,113971621484583213149305319679067523870715092451021047447352655827264442281807,12001,7,yes,yes,ValidatorSamplingOperation,100,0,3427|175858|175859|,0,123,0,3
376,113971621484583213149305319679067523870715092451021047447352655827264442281807,12001,,yes,yes,RandomSamplingOperation,71,0,3428|3429|3430|3431|3432|189288|189289|189290|189291|189292|189293|189294|189295|189296|,0,124,,14
224,21444763903864228777611728735683311458635985122844023709586719375032296896384,12001,0,yes,yes,ValidatorSamplingOperation,100,0,3433|189066|189067|,0,125,15,3
170,21444763903864228777611728735683311458635985122844023709586719375032296896384,12001,74,yes,yes,ValidatorSamplingOperation,100,0,3434|176800|,0,126,0,2
224,21444763903864228777611728735683311458635985122844023709586719375032296896384,12001,0,yes,yes,ValidatorSamplingOperation,100,0,3435|189070|189071|,0,127,12,3
164,21444763903864228777611728735683311458635985122844023709586719375032296896384,12001,42,yes,no,ValidatorSamplingOperation,20,0,3436|3437|185953|,0,128,0,3
158,21444763903864228777611728735683311458635985122844023709586719375032296896384,12001,,yes,no,RandomSamplingOperation,27,0,3438|3439|3440|3441|3442|3443|,0,129,,6
416,43568084745305296127223125163439810702938064612217787378858319248651442968139,12001,,no,yes,RandomSamplingOperation,72,0,3444|3445|3446|3447|3448|3449|3450|3451|189254|189255|189256|189257|189258|189259|189260|189261|189610|189611|189612|189613|189614|189615|,0,130,,22
226,71896941978754809488137974348151998693205792533709324513258578369466739949960,12001,0,yes,yes,ValidatorSamplingOperation,100,0,87986|87987|189169|189170|,0,131,90,4
98,71896941978754809488137974348151998693205792533709324513258578369466739949960,12001,28,yes,yes,ValidatorSamplingOperation,100,0,87988|145800|145801|,0,132,0,3
114,71896941978754809488137974348151998693205792533709324513258578369466739949960,12001,0,yes,yes,ValidatorSamplingOperation,100,0,87989|156242|156243|,0,133,22,3
198,71896941978754809488137974348151998693205792533709324513258578369466739949960,12001,95,yes,yes,ValidatorSamplingOperation,100,0,87990|157390|157391|,0,134,0,3
304,71896941978754809488137974348151998693205792533709324513258578369466739949960,12001,,yes,no,RandomSamplingOperation,68,0,87991|87992|87993|87994|87995|87996|87997|87998|87999|88000|189040|189041|189042|189043|189044|189045|189046|189047|,0,135,,18
156,89333137326635079115430978578397364590151192892532202457099489458922729533182,12001,0,yes,yes,ValidatorSamplingOperation,100,0,88001|88002|184071|184072|,0,136,32,4
364,89333137326635079115430978578397364590151192892532202457099489458922729533182,12001,61,yes,yes,ValidatorSamplingOperation,100,0,88003|189171|189172|,0,137,0,3
312,89333137326635079115430978578397364590151192892532202457099489458922729533182,12001,0,yes,yes,ValidatorSamplingOperation,100,0,88004|189011|189012|189013|,0,138,51,4
312,89333137326635079115430978578397364590151192892532202457099489458922729533182,12001,54,yes,yes,ValidatorSamplingOperation,100,0,88005|189014|189015|,0,139,0,3
378,89333137326635079115430978578397364590151192892532202457099489458922729533182,12001,,yes,yes,RandomSamplingOperation,74,0,88006|88007|88008|88009|88010|88011|88012|189279|189280|189281|189282|189283|189284|189285|189286|,0,140,,15
342,8494962651170941019486294942303452865045959709160683987927972345505688610755,12001,,no,yes,RandomSamplingOperation,75,0,88013|88014|88015|88016|88017|88018|88019|88020|189137|189138|189139|189140|189141|189142|189143|189144|,0,141,,16
216,16646573879907590399509196024616451507181138714942166530960518507274707557048,12001,0,yes,yes,ValidatorSamplingOperation,100,0,88021|189135|189136|,0,142,30,3
206,16646573879907590399509196024616451507181138714942166530960518507274707557048,12001,66,yes,yes,ValidatorSamplingOperation,100,0,88022|139157|139158|189017|189018|189019|189020|,0,143,0,7
198,16646573879907590399509196024616451507181138714942166530960518507274707557048,12001,0,yes,yes,ValidatorSamplingOperation,100,0,88023|139076|139077|179781|179782|179783|,0,144,73,6
350,16646573879907590399509196024616451507181138714942166530960518507274707557048,12001,83,yes,yes,ValidatorSamplingOperation,100,0,88024|189116|189117|189118|189591|189592|189593|,0,145,0,7
448,16646573879907590399509196024616451507181138714942166530960518507274707557048,12001,,yes,yes,RandomSamplingOperation,73,0,88025|88026|88027|88028|88029|88030|189093|189094|189095|189096|189097|189098|189099|189100|189101|189102|189103|189588|189589|189590|,0,146,,20
368,78506933086795364704086891885315902559701516460652039157379722272371046958496,12001,,no,no,RandomSamplingOperation,32,0,88031|88032|88033|88034|88035|189274|,0,147,,6
188,80078577880492190055291958835687491351447235353520825150881534967336775717810,12001,0,yes,yes,ValidatorSamplingOperation,100,0,88036|189075|189076|,0,148,73,3
178,80078577880492190055291958835687491351447235353520825150881534967336775717810,12001,77,yes,yes,ValidatorSamplingOperation,100,0,88037|188987|188988|,0,149,0,3
236,80078577880492190055291958835687491351447235353520825150881534967336775717810,12001,0,yes,yes,ValidatorSamplingOperation,100,0,88038|155758|155759|,0,150,10,3
84,80078577880492190055291958835687491351447235353520825150881534967336775717810,12001,55,yes,yes,ValidatorSamplingOperation,100,0,88039|,0,151,0,1
380,80078577880492190055291958835687491351447235353520825150881534967336775717810,12001,,yes,yes,RandomSamplingOperation,72,0,88040|88041|88042|88043|88044|189349|189350|189351|189352|189353|189354|189355|189356|,0,152,,13
320,107226767459581317767844583912817849269583998434099643520621297707898981728768,12001,,no,yes,RandomSamplingOperation,71,0,88045|88046|88047|88048|88049|189077|189078|189079|189080|189081|189082|189083|189084|189085|189086|189087|,0,153,,16
262,36093602753225695073056342998991212823352056071849651795082108548812171441038,12001,0,yes,yes,ValidatorSamplingOperation,100,0,88050|189114|189115|,0,154,91,3
258,36093602753225695073056342998991212823352056071849651795082108548812171441038,12001,59,yes,yes,ValidatorSamplingOperation,100,0,88051|88052|184177|184178|,0,155,0,4
182,36093602753225695073056342998991212823352056071849651795082108548812171441038,12001,0,yes,yes,ValidatorSamplingOperation,100,0,88053|145797|145798|,0,156,9,3
206,36093602753225695073056342998991212823352056071849651795082108548812171441038,12001,54,yes,yes,ValidatorSamplingOperation,100,0,88054|168117|168118|189052|189053|,0,157,0,5
238,36093602753225695073056342998991212823352056071849651795082108548812171441038,12001,,yes,yes,RandomSamplingOperation,73,0,88055|88056|88057|88058|88059|88060|88061|88062|88063|88064|189123|189124|189125|189126|189127|189128|189129|189130|189131|,0,158,,19
334,107758395224189915966009929936085500083576551061330295183245479691742702859344,12001,0,yes,no,ValidatorSamplingOperation,48,0,88065|139374|139375|139376|189297|189298|,0,159,42,6
134,107758395224189915966009929936085500083576551061330295183245479691742702859344,12001,41,yes,yes,ValidatorSamplingOperation,100,0,88066|139294|139295|,0,160,0,3
256,107758395224189915966009929936085500083576551061330295183245479691742702859344,12001,0,yes,yes,ValidatorSamplingOperation,100,0,88067|185617|185618|,0,161,96,3
220,107758395224189915966009929936085500083576551061330295183245479691742702859344,12001,43,yes,yes,ValidatorSamplingOperation,100,0,88068|139182|139183|189276|189277|189278|,0,162,0,6
314,107758395224189915966009929936085500083576551061330295183245479691742702859344,12001,,yes,yes,RandomSamplingOperation,72,0,88069|88070|88071|88072|88073|88074|88075|88076|88077|88078|189178|189179|189180|189181|189182|189183|189184|189185|189186|189187|,0,163,,20
308,62101433460086714777742258717986077936219151512656858979668212515437770683208,12001,,no,no,RandomSamplingOperation,30,0,88079|88080|88081|88082|188989|188990|,0,164,,6
314,6139734692434225139696315491748680034056660966745086280273468544856540785789,12001,,no,yes,RandomSamplingOperation,73,0,88083|88084|88085|88086|88087|88088|88089|88090|88091|88092|88093|88094|88095|189157|189158|189159|189160|189161|189162|189163|,0,165,,20
238,21083679024840227917741926176471142862932536578380136110289082334138381274505,12001,0,yes,yes,ValidatorSamplingOperation,100,0,88096|160631|160632|189409|189410|189411|,0,166,29,6
64,21083679024840227917741926176471142862932536578380136110289082334138381274505,12001,96,yes,yes,ValidatorSamplingOperation,100,0,88097|151763|151764|,0,167,0,3
142,21083679024840227917741926176471142862932536578380136110289082334138381274505,12001,0,yes,yes,ValidatorSamplingOperation,100,0,88098|88099|186117|186118|,0,168,56,4
88,21083679024840227917741926176471142862932536578380136110289082334138381274505,12001,37,yes,yes,ValidatorSamplingOperation,100,0,88100|,0,169,0,1
274,21083679024840227917741926176471142862932536578380136110289082334138381274505,12001,,yes,yes,RandomSamplingOperation,72,0,88101|88102|88103|88104|88105|88106|189330|189331|189332|189333|189334|189335|189336|189337|189338|,0,170,,15
338,110830005025784807707885435240401099235828375068450137393853593228726798821950,12001,,no,yes,RandomSamplingOperation,72,0,88107|88108|88109|88110|88111|88112|189106|189107|189108|189109|189110|189111|189112|189561|189562|189563|189564|189565|189566|189567|189568|189569|189570|,0,171,,23
310,109013771847957065744947126485427112651375275941206822465313116917139066007929,12001,,no,yes,RandomSamplingOperation,73,0,88113|88114|88115|88116|88117|88118|189318|189319|189320|189321|189322|189323|189324|189325|189326|189327|189328|189329|,0,172,,18
224,90511429851826879211065261274096806209361290076668493692964796275875003980641,12001,,no,yes,RandomSamplingOperation,73,0,88119|88120|88121|88122|88123|88124|88125|189148|189149|189150|189151|189152|,0,173,,12
312,19191192076126320640924247483532137198489043609278031166569798519948120420409,12001,0,yes,no,ValidatorSamplingOperation,22,0,88126|188995|188996|189311|,0,174,36,4
146,19191192076126320640924247483532137198489043609278031166569798519948120420409,12001,94,yes,no,ValidatorSamplingOperation,0,0,88127|,0,175,0,1
166,19191192076126320640924247483532137198489043609278031166569798519948120420409,12001,0,yes,yes,ValidatorSamplingOperation,100,0,88128|188997|188998|,0,176,15,3
114,19191192076126320640924247483532137198489043609278031166569798519948120420409,12001,54,yes,no,ValidatorSamplingOperation,0,0,88129|,0,177,0,1
174,19191192076126320640924247483532137198489043609278031166569798519948120420409,12001,,yes,no,RandomSamplingOperation,34,0,88130|88131|88132|88133|88134|88135|,0,178,,6
176,20834994022199432358117239076087879786734224697014068324550418630164266292172,12001,0,yes,yes,ValidatorSamplingOperation,100,0,88136|,0,179,61,1
210,20834994022199432358117239076087879786734224697014068324550418630164266292172,12001,39,yes,yes,ValidatorSamplingOperation,100,0,88137|188991|188992|,0,180,0,3
190,20834994022199432358117239076087879786734224697014068324550418630164266292172,12001,0,yes,yes,ValidatorSamplingOperation,100,0,88138|,0,181,13,1
388,20834994022199432358117239076087879786734224697014068324550418630164266292172,12001,43,yes,yes,ValidatorSamplingOperation,100,0,88139|188993|188994|189536|189537|189538|,0,182,0,6
300,20834994022199432358117239076087879786734224697014068324550418630164266292172,12001,,yes,yes,RandomSamplingOperation,73,0,88140|88141|88142|88143|88144|88145|88146|189212|189213|189214|189215|189216|189217|189218|189219|189220|,0,183,,16
180,8523364268682509341164509062146178716950902529288496594674276389115196640448,12001,0,yes,yes,ValidatorSamplingOperation,100,0,88147|189029|189030|,0,184,70,3
336,8523364268682509341164509062146178716950902529288496594674276389115196640448,12001,81,yes,yes,ValidatorSamplingOperation,100,0,88148|189304|189305|189306|,0,185,0,4
366,8523364268682509341164509062146178716950902529288496594674276389115196640448,12001,0,yes,yes,ValidatorSamplingOperation,100,0,88149|189224|189225|,0,186,6,3
270,8523364268682509341164509062146178716950902529288496594674276389115196640448,12001,53,yes,yes,ValidatorSamplingOperation,100,0,88150|189308|189309|,0,187,0,3
264,8523364268682509341164509062146178716950902529288496594674276389115196640448,12001,,yes,yes,RandomSamplingOperation,72,0,88151|88152|88153|88154|88155|88156|189237|189238|189239|189240|189241|189242|189243|189244|189245|,0,188,,15
276,15816423376537687498175658716381325840356423323453352469729329490184209416980,12001,,no,no,RandomSamplingOperation,30,0,88157|88158|88159|88160|88161|189072|,0,189,,6
252,107442146857094918533505676591216762960158330958637723605132424179098757693914,12001,,no,yes,RandomSamplingOperation,72,0,88162|88163|88164|88165|88166|88167|88168|189055|189056|189057|189058|189059|189060|189061|189062|189063|189064|,0,190,,17
206,58264319852933632286469580619958992168067118685244184571393188136088086908036,12001,0,yes,yes,ValidatorSamplingOperation,100,0,88169|189021|189022|,0,191,4,3
286,58264319852933632286469580619958992168067118685244184571393188136088086908036,12001,32,yes,no,ValidatorSamplingOperation,24,0,88170|160636|160637|189313|,0,192,0,4
208,58264319852933632286469580619958992168067118685244184571393188136088086908036,12001,0,yes,yes,ValidatorSamplingOperation,100,0,88171|139356|139357|189004|189005|189006|,0,193,100,6
412,58264319852933632286469580619958992168067118685244184571393188136088086908036,12001,52,yes,no,ValidatorSamplingOperation,27,0,88172|180679|180680|189387|189388|,0,194,0,5
340,58264319852933632286469580619958992168067118685244184571393188136088086908036,12001,,yes,yes,RandomSamplingOperation,73,0,88173|88174|88175|88176|88177|88178|88179|189266|189267|189268|189269|189270|189271|189272|189273|,0,195,,15
94,81369626915381206686123294800870750548857161636807104342760885069864211144176,12001,0,yes,yes,ValidatorSamplingOperation,100,0,88180|158559|158560|,0,196,90,3
268,81369626915381206686123294800870750548857161636807104342760885069864211144176,12001,29,yes,yes,ValidatorSamplingOperation,100,0,88181|188999|189000|189421|189422|189423|,0,197,0,6
180,81369626915381206686123294800870750548857161636807104342760885069864211144176,12001,0,yes,yes,ValidatorSamplingOperation,100,0,88182|189001|189002|,0,198,28,3
148,81369626915381206686123294800870750548857161636807104342760885069864211144176,12001,37,yes,yes,ValidatorSamplingOperation,100,0,88183|,0,199,0,1
350,81369626915381206686123294800870750548857161636807104342760885069864211144176,12001,,yes,yes,RandomSamplingOperation,73,0,88184|88185|88186|88187|88188|189227|189228|189229|189230|189231|189232|189233|189234|189235|189236|,0,200,,15
318,53361331161743896077078469861579638670051149682413463443234311020456303226868,12001,,no,yes,RandomSamplingOperation,73,0,88189|88190|88191|88192|88193|88194|88195|88196|88197|189340|189341|189342|189343|189344|189345|189346|189347|189348|,0,201,,18
216,86943771941966688752667475392185371836174192579274714875607531191477248999971,12001,0,yes,no,ValidatorSamplingOperation,20,0,88198|176836|,0,202,91,2
254,86943771941966688752667475392185371836174192579274714875607531191477248999971,12001,8,yes,yes,ValidatorSamplingOperation,100,0,88199|188981|188982|,0,203,0,3
198,86943771941966688752667475392185371836174192579274714875607531191477248999971,12001,0,yes,yes,ValidatorSamplingOperation,100,0,88200|188983|188984|,0,204,16,3
216,86943771941966688752667475392185371836174192579274714875607531191477248999971,12001,89,yes,no,ValidatorSamplingOperation,21,0,88201|176909|,0,205,0,2
146,86943771941966688752667475392185371836174192579274714875607531191477248999971,12001,,yes,no,RandomSamplingOperation,33,0,88202|88203|88204|88205|88206|88207|,0,206,,6
452,50257864748696071111545604552366529653683846146637534008155069048676665739852,12001,,no,yes,RandomSamplingOperation,73,0,88208|88209|88210|88211|88212|88213|189203|189204|189205|189206|189207|189208|189209|189604|189605|189606|189607|189608|,0,207,,18
312,112865437415906332786328398388168845416308980718933860169122309032360379224223,12001,,no,yes,RandomSamplingOperation,75,0,88214|88215|88216|88217|88218|88219|88220|189246|189247|189248|189249|189250|189251|189252|189253|,0,208,,15
,113971621484583213149305319679067523870715092451021047447352655827264442281807,12000,,,,FindOperation,,,189576|189577|189578|189597|189597|189601|189601|189602|189602|189633|189633|189636|189636|189645|189645|189653|189653|189644|189644|189664|189664|189662|189662|189675|189675|189678|189678|189674|189674|189692|189695|189702|,16,209,,
,15816423376537687498175658716381325840356423323453352469729329490184209416980,12000,,,,FindOperation,,,189618|189619|189620|189630|189630|189631|189631|189639|189639|189651|189651|189655|189655|189660|189660|189673|189673|189681|189681|189684|189684|189693|189693|189701|189701|189705|189705|189709|189709|189712|189711|189732|,16,210,,
,20834994022199432358117239076087879786734224697014068324550418630164266292172,12000,,,,FindOperation,,,189647|189648|189649|189650|189650|189658|189658|189670|189670|189663|189663|189676|189676|189680|189680|189666|189666|189687|189687|189689|189689|189699|189699|189696|189696|189704|189704|189713|189713|189719|189718|189733|,16,211,,
,53361331161743896077078469861579638670051149682413463443234311020456303226868,12000,,,,FindOperation,,,189715|189716|189717|189720|189720|189726|189726|189727|189727|189738|189738|189742|189742|189743|189743|189754|189754|189756|189756|189758|189758|189765|189765|189767|189767|189769|189769|189773|189773|189777|189781|189783|,16,212,,
,107758395224189915966009929936085500083576551061330295183245479691742702859344,12000,,,,FindOperation,,,189722|189723|189724|189725|189725|189728|189728|189734|189734|189736|189736|189744|189744|189740|189740|189746|189746|189752|189752|189755|189755|189749|189749|189761|189761|189770|189770|189768|189768|189772|189780|189782|,16,213,,
,16646573879907590399509196024616451507181138714942166530960518507274707557048,12000,,,,FindOperation,,,189784|189785|189786|189787|189787|189788|189788|189791|189791|189792|189792|189795|189795|189798|189798|189793|189793|189801|189801|189802|189802|189805|189805|189806|189806|189808|189808|189813|189813|189809|189812|189815|,16,214,,
,86943771941966688752667475392185371836174192579274714875607531191477248999971,12000,,,,FindOperation,,,189816|189817|189818|189819|189819|189821|189821|189825|189825|189823|189823|189822|189822|189829|189829|189830|189830|189833|189833|189832|189832|189837|189837|189840|189840|189838|189838|189843|189843|189842|189847|189846|,16,215,,
,107226767459581317767844583912817849269583998434099643520621297707898981728768,12000,,,,FindOperation,,,189848|189849|189850|189851|189851|189853|189853|189854|189854|189855|189855|189857|189857|189861|189861|189863|189863|189867|189867|189866|189866|189865|189865|189871|189871|189874|189874|189872|189872|189876|189882|189881|,16,216,,
,89333137326635079115430978578397364590151192892532202457099489458922729533182,12000,,,,FindOperation,,,189877|189878|189879|189886|189886|189889|189889|189888|189888|189894|189894|189910|189910|189913|189913|189929|189929|189916|189916|189935|189935|189943|189943|189942|189942|189937|189937|189950|189950|189957|189953|189972|,16,217,,
,58264319852933632286469580619958992168067118685244184571393188136088086908036,12000,,,,FindOperation,,,189883|189884|189885|189887|189887|189891|189891|189892|189892|189895|189895|189906|189906|189909|189909|189915|189915|189917|189917|189930|189930|189928|189928|189934|189934|189947|189947|189949|189949|189954|189967|189971|,16,218,,
,109013771847957065744947126485427112651375275941206822465313116917139066007929,12000,,,,FindOperation,,,189898|189899|189900|189903|189903|189911|189911|189912|189912|189922|189922|189918|189918|189932|189932|189940|189940|189958|189958|189944|189944|189955|189955|189966|189966|189973|189973|189977|189977|189985|189986|189995|,16,219,,
,21444763903864228777611728735683311458635985122844023709586719375032296896384,12000,,,,FindOperation,,,189960|189961|189962|189969|189969|189974|189974|189975|189975|189980|189980|189987|189987|189991|189991|189992|189992|189998|189998|189996|189996|190003|190003|190021|190021|190017|190017|190032|190032|190054|190060|190070|,16,220,,
,43568084745305296127223125163439810702938064612217787378858319248651442968139,12000,,,,FindOperation,,,189982|189983|189984|189994|189994|189999|189999|190000|190000|190025|190025|190034|190034|190019|190019|190052|190052|190058|190058|190081|190081|190067|190067|190084|190084|190094|190094|190098|190098|190118|190111|190115|,16,221,,
,71896941978754809488137974348151998693205792533709324513258578369466739949960,12000,,,,FindOperation,,,190004|190005|190006|190015|190015|190016|190016|190035|190035|190022|190022|190045|190045|190047|190047|190050|190050|190075|190075|190079|190079|190082|190082|190107|190107|190120|190120|190128|190128|190127|190144|190147|,16,222,,
,80078577880492190055291958835687491351447235353520825150881534967336775717810,12000,,,,FindOperation,,,190009|190010|190011|190020|190020|190040|190040|190041|190041|190049|190049|190068|190068|190077|190077|190083|190083|190088|190088|190106|190106|190121|190121|190125|190125|190142|190142|190145|190145|190141|190152|190154|,16,223,,
,90511429851826879211065261274096806209361290076668493692964796275875003980641,12000,,,,FindOperation,,,190012|190013|190014|190018|190018|190028|190028|190044|190044|190043|190043|190046|190046|190074|190074|190072|190072|190092|190092|190089|190089|190113|190113|190110|190110|190126|190126|190134|190134|190136|190140|190149|,16,224,,
,19191192076126320640924247483532137198489043609278031166569798519948120420409,12000,,,,FindOperation,,,190061|190062|190063|190078|190078|190085|190085|190108|190108|190093|190093|190123|190123|190131|190131|190129|190129|190148|190148|190155|190155|190156|190156|190160|190160|190157|190157|190164|190164|190163|190166|190167|,16,225,,
,6139734692434225139696315491748680034056660966745086280273468544856540785789,12000,,,,FindOperation,,,190168|190169|190170|190171|190171|190175|190175|190173|190173|190174|190174|190179|190179|190180|190180|190181|190181|190185|190185|190190|190190|190189|190189|190203|190203|190204|190204|190206|190206|190216|190224|190228|,16,226,,
,110830005025784807707885435240401099235828375068450137393853593228726798821950,12000,,,,FindOperation,,,190186|190187|190188|190191|190191|190195|190195|190202|190202|190200|190200|190220|190220|190222|190222|190223|190223|190235|190235|190233|190233|190239|190239|190243|190243|190247|190247|190250|190250|190249|190256|190261|,16,227,,
,112865437415906332786328398388168845416308980718933860169122309032360379224223,12000,,,,FindOperation,,,190196|190197|190198|190201|190201|190207|190207|190208|190208|190215|190215|190219|190219|190227|190227|190230|190230|190234|190234|190238|190238|190242|190242|190253|190253|190245|190245|190259|190259|190258|190263|190262|,16,228,,
,21083679024840227917741926176471142862932536578380136110289082334138381274505,12000,,,,FindOperation,,,190264|190265|190266|190267|190267|190270|190270|190269|190269|190271|190271|190275|190275|190276|190276|190279|190279|190277|190277|190283|190283|190284|190284|190287|190287|190289|190289|190286|190286|190292|190294|190295|,16,229,,
,62101433460086714777742258717986077936219151512656858979668212515437770683208,12000,,,,FindOperation,,,190296|190297|190298|190299|190299|190301|190301|190302|190302|190303|190303|190311|190311|190312|190312|190317|190317|190313|190313|190322|190322|190326|190326|190329|190329|190330|190330|190341|190341|190338|190338|190346|190350|190353|,17,230,,
,107442146857094918533505676591216762960158330958637723605132424179098757693914,12000,,,,FindOperation,,,190304|190305|190306|190310|190310|190314|190314|190315|190315|190324|190324|190331|190331|190333|190333|190339|190339|190334|190334|190344|190344|190347|190347|190349|190349|190355|190355|190356|190356|190358|190360|190361|,16,231,,
,78506933086795364704086891885315902559701516460652039157379722272371046958496,12000,,,,FindOperation,,,190362|190363|190364|190365|190365|190367|190367|190368|190368|190369|190369|190371|190371|190375|190375|190376|190376|190378|190378|190380|190380|190384|190384|190385|190385|190381|190381|190389|190389|190390|190391|190393|,16,232,,
,8494962651170941019486294942303452865045959709160683987927972345505688610755,12000,,,,FindOperation,,,190394|190395|190396|190397|190397|190399|190399|190400|190400|190404|190404|190401|190401|190409|190409|190408|190408|190407|190407|190421|190421|190423|190423|190427|190427|190442|190442|190447|190447|190435|190446|190459|,16,233,,
,81369626915381206686123294800870750548857161636807104342760885069864211144176,12000,,,,FindOperation,,,190410|190411|190412|190414|190414|190415|190415|190416|190416|190425|190425|190426|190426|190434|190434|190450|190450|190452|190452|190465|190465|190477|190477|190475|190475|190493|190493|190497|190497|190499|190510|190512|,16,234,,
,83814183170291850251680823880522715558189094423550585243365458794131648333116,12000,,,,FindOperation,,,190428|190429|190430|190431|190431|190436|190436|190438|190438|190445|190445|190443|190443|190455|190455|190456|190456|190457|190457|190469|190469|190472|190472|190480|190480|190479|190479|190495|190495|190488|190502|190513|,16,235,,
,8523364268682509341164509062146178716950902529288496594674276389115196640448,12000,,,,FindOperation,,,190461|190462|190463|190467|190467|190470|190470|190476|190476|190482|190482|190492|190492|190485|190485|190489|190489|190500|190500|190504|190504|190505|190505|190514|190514|190509|190509|190515|190515|190524|190525|190528|,16,236,,
,50257864748696071111545604552366529653683846146637534008155069048676665739852,12000,,,,FindOperation,,,190518|190519|190520|190522|190522|190526|190526|190527|190527|190529|190529|190532|190532|190534|190534|190538|190538|190537|190537|190547|190547|190542|190542|190553|190553|190558|190558|190560|190560|190561|326902|331251|,16,237,,
,36093602753225695073056342998991212823352056071849651795082108548812171441038,12000,,,,FindOperation,,,190539|190540|190541|190544|190544|190545|190545|190552|190552|190549|190549|190557|190557|190564|190564|190563|190563|190567|190567|333761|333761|373181|373181|363907|363907|376235|376235|376370|376370|376709|376777|376763|,16,238,,
94,81369626915381206686123294800870750548857161636807104342760885069864211144176,24001,0,yes,yes,ValidatorSamplingOperation,100,1,190630|345778|345779|,0,239,95,3
350,81369626915381206686123294800870750548857161636807104342760885069864211144176,24001,50,yes,yes,ValidatorSamplingOperation,100,1,190631|376514|376515|,0,240,0,3
256,81369626915381206686123294800870750548857161636807104342760885069864211144176,24001,0,yes,yes,ValidatorSamplingOperation,100,1,190632|376278|376279|,0,241,12,3
94,81369626915381206686123294800870750548857161636807104342760885069864211144176,24001,93,yes,yes,ValidatorSamplingOperation,100,1,190633|345719|345720|,0,242,0,3
340,81369626915381206686123294800870750548857161636807104342760885069864211144176,24001,,yes,yes,RandomSamplingOperation,74,1,190634|190635|190636|190637|190638|190639|190640|376489|376490|376491|376492|376493|376494|376495|376496|376497|376498|376499|,0,243,,18
308,50257864748696071111545604552366529653683846146637534008155069048676665739852,24001,,no,yes,RandomSamplingOperation,72,1,190641|190642|190643|190644|190645|190646|376465|376466|376467|376468|376469|376470|376471|376472|376473|376474|376475|,0,244,,17
88,21083679024840227917741926176471142862932536578380136110289082334138381274505,24001,0,yes,yes,ValidatorSamplingOperation,100,1,190647|,0,245,32,1
218,21083679024840227917741926176471142862932536578380136110289082334138381274505,24001,52,yes,yes,ValidatorSamplingOperation,100,1,190648|362384|362385|376383|376384|,0,246,0,5
174,21083679024840227917741926176471142862932536578380136110289082334138381274505,24001,0,yes,yes,ValidatorSamplingOperation,100,1,190649|,0,247,24,1
76,21083679024840227917741926176471142862932536578380136110289082334138381274505,24001,53,yes,yes,ValidatorSamplingOperation,90,1,190650|,0,248,0,1
290,21083679024840227917741926176471142862932536578380136110289082334138381274505,24001,,yes,yes,RandomSamplingOperation,72,1,190651|190652|190653|190654|190655|190656|190657|190658|190659|376633|376634|376635|376636|376637|376638|376639|376640|,0,249,,17
506,15816423376537687498175658716381325840356423323453352469729329490184209416980,24001,,no,no,RandomSamplingOperation,70,1,190660|190661|190662|190663|190664|190665|190666|190667|190668|376509|376510|376511|376512|376926|376927|376928|376929|376930|,0,250,,18
316,53361331161743896077078469861579638670051149682413463443234311020456303226868,24001,,no,yes,RandomSamplingOperation,73,1,190669|190670|190671|190672|190673|190674|190675|376624|376625|376626|376627|376628|376629|,0,251,,13
108,19191192076126320640924247483532137198489043609278031166569798519948120420409,24001,0,yes,yes,ValidatorSamplingOperation,100,1,190676|350876|350877|,0,252,25,3
306,19191192076126320640924247483532137198489043609278031166569798519948120420409,24001,82,yes,yes,ValidatorSamplingOperation,100,1,190677|190678|376306|376307|,0,253,0,4
142,19191192076126320640924247483532137198489043609278031166569798519948120420409,24001,0,yes,yes,ValidatorSamplingOperation,100,1,190679|333026|333027|,0,254,65,3
290,19191192076126320640924247483532137198489043609278031166569798519948120420409,24001,91,yes,yes,ValidatorSamplingOperation,100,1,190680|190681|376331|376332|,0,255,0,4
302,19191192076126320640924247483532137198489043609278031166569798519948120420409,24001,,yes,yes,RandomSamplingOperation,72,1,190682|190683|190684|190685|190686|190687|376333|376334|376335|376336|376337|376338|376339|376340|,0,256,,14
206,58264319852933632286469580619958992168067118685244184571393188136088086908036,24001,0,yes,yes,ValidatorSamplingOperation,100,1,190688|376274|376275|,0,257,9,3
208,58264319852933632286469580619958992168067118685244184571393188136088086908036,24001,27,yes,yes,ValidatorSamplingOperation,100,1,190689|190690|376352|376353|,0,258,0,4
206,58264319852933632286469580619958992168067118685244184571393188136088086908036,24001,0,yes,yes,ValidatorSamplingOperation,100,1,190691|376276|376277|,0,259,16,3
272,58264319852933632286469580619958992168067118685244184571393188136088086908036,24001,86,yes,yes,ValidatorSamplingOperation,100,1,190692|371375|371376|,0,260,0,3
378,58264319852933632286469580619958992168067118685244184571393188136088086908036,24001,,yes,yes,RandomSamplingOperation,73,1,190693|190694|190695|190696|190697|190698|190699|190700|190701|190702|190703|376549|376550|376551|376552|376553|376554|376555|376556|376557|376558|,0,261,,21
298,112865437415906332786328398388168845416308980718933860169122309032360379224223,24001,,no,yes,RandomSamplingOperation,72,1,190704|190705|190706|190707|190708|190709|190710|190711|190712|190713|190714|376500|376501|376502|376503|376504|376505|376506|376507|376508|,0,262,,20
234,71896941978754809488137974348151998693205792533709324513258578369466739949960,24001,0,yes,yes,ValidatorSamplingOperation,100,1,190715|190716|376368|376369|,0,263,91,4
112,71896941978754809488137974348151998693205792533709324513258578369466739949960,24001,24,yes,yes,ValidatorSamplingOperation,100,1,190717|343478|343479|,0,264,0,3
212,71896941978754809488137974348151998693205792533709324513258578369466739949960,24001,0,yes,yes,ValidatorSamplingOperation,100,1,190718|343611|343612|376371|376372|376373|,0,265,5,6
348,71896941978754809488137974348151998693205792533709324513258578369466739949960,24001,85,yes,yes,ValidatorSamplingOperation,100,1,190719|376354|376355|,0,266,0,3
300,71896941978754809488137974348151998693205792533709324513258578369466739949960,24001,,yes,yes,RandomSamplingOperation,71,1,190720|190721|190722|190723|190724|190725|190726|376413|376414|376415|376416|376417|376418|376419|376420|,0,267,,15
370,21444763903864228777611728735683311458635985122844023709586719375032296896384,24001,0,yes,yes,ValidatorSamplingOperation,100,1,190727|376303|376304|376900|376901|,0,268,45,5
160,21444763903864228777611728735683311458635985122844023709586719375032296896384,24001,60,yes,yes,ValidatorSamplingOperation,100,1,190728|370139|370140|,0,269,0,3
190,21444763903864228777611728735683311458635985122844023709586719375032296896384,24001,0,yes,yes,ValidatorSamplingOperation,100,1,190729|376246|376247|,0,270,15,3
218,21444763903864228777611728735683311458635985122844023709586719375032296896384,24001,92,yes,yes,ValidatorSamplingOperation,100,1,190730|376596|376597|,0,271,0,3
270,21444763903864228777611728735683311458635985122844023709586719375032296896384,24001,,yes,yes,RandomSamplingOperation,73,1,190731|190732|190733|190734|190735|190736|190737|190738|376576|376577|376578|376579|376580|376581|376582|376583|376584|376585|,0,272,,18
232,89333137326635079115430978578397364590151192892532202457099489458922729533182,24001,0,yes,yes,ValidatorSamplingOperation,100,1,190739|359209|359210|,0,273,93,3
242,89333137326635079115430978578397364590151192892532202457099489458922729533182,24001,5,yes,yes,ValidatorSamplingOperation,100,1,190740|376263|376264|376265|,0,274,0,4
66,89333137326635079115430978578397364590151192892532202457099489458922729533182,24001,0,yes,yes,ValidatorSamplingOperation,100,1,190741|,0,275,35,1
188,89333137326635079115430978578397364590151192892532202457099489458922729533182,24001,1,yes,yes,ValidatorSamplingOperation,100,1,190742|376251|376252|,0,276,0,3
330,89333137326635079115430978578397364590151192892532202457099489458922729533182,24001,,yes,yes,RandomSamplingOperation,75,1,190743|190744|190745|190746|190747|190748|190749|190750|376422|376423|376424|376425|376426|376427|,0,277,,14
302,107442146857094918533505676591216762960158330958637723605132424179098757693914,24001,,no,yes,RandomSamplingOperation,72,1,190751|190752|190753|190754|190755|376395|376396|376397|376398|376399|376400|376401|376402|376403|376404|376405|,0,278,,16
306,8523364268682509341164509062146178716950902529288496594674276389115196640448,24001,0,yes,yes,ValidatorSamplingOperation,100,1,190756|376487|376488|,0,279,22,3
240,8523364268682509341164509062146178716950902529288496594674276389115196640448,24001,68,yes,yes,ValidatorSamplingOperation,100,1,190757|343988|343989|,0,280,0,3
410,8523364268682509341164509062146178716950902529288496594674276389115196640448,24001,0,yes,yes,ValidatorSamplingOperation,100,1,190758|376631|376632|376963|376964|376965|,0,281,30,6
204,8523364268682509341164509062146178716950902529288496594674276389115196640448,24001,97,yes,yes,ValidatorSamplingOperation,100,1,190759|337711|337712|,0,282,0,3
374,8523364268682509341164509062146178716950902529288496594674276389115196640448,24001,,yes,yes,RandomSamplingOperation,73,1,190760|190761|190762|190763|190764|190765|190766|190767|190768|190769|376598|376599|376600|376601|376602|376603|376604|376605|376606|376607|,0,283,,20
278,43568084745305296127223125163439810702938064612217787378858319248651442968139,24001,,no,yes,RandomSamplingOperation,71,1,190770|190771|190772|190773|190774|190775|190776|190777|376530|376531|376532|376533|376534|376535|376536|376537|,0,284,,16
230,86943771941966688752667475392185371836174192579274714875607531191477248999971,24001,0,yes,yes,ValidatorSamplingOperation,100,1,190778|376408|376409|,0,285,9,3
226,86943771941966688752667475392185371836174192579274714875607531191477248999971,24001,70,yes,yes,ValidatorSamplingOperation,100,1,190779|376240|376241|,0,286,0,3
288,86943771941966688752667475392185371836174192579274714875607531191477248999971,24001,0,yes,no,ValidatorSamplingOperation,29,1,190780|190781|371397|371398|376699|,0,287,44,5
230,86943771941966688752667475392185371836174192579274714875607531191477248999971,24001,15,yes,yes,ValidatorSamplingOperation,100,1,190782|376406|376407|,0,288,0,3
284,86943771941966688752667475392185371836174192579274714875607531191477248999971,24001,,yes,yes,RandomSamplingOperation,74,1,190783|190784|190785|190786|190787|376253|376254|376255|376256|376257|376258|376259|376260|376261|376262|,0,289,,15
306,20834994022199432358117239076087879786734224697014068324550418630164266292172,24001,0,yes,yes,ValidatorSamplingOperation,100,1,190788|376477|376478|,0,290,52,3
136,20834994022199432358117239076087879786734224697014068324550418630164266292172,24001,88,yes,yes,ValidatorSamplingOperation,100,1,190789|344012|344013|376248|376249|376250|,0,291,0,6
262,20834994022199432358117239076087879786734224697014068324550418630164266292172,24001,0,yes,yes,ValidatorSamplingOperation,100,1,190790|376322|376323|,0,292,80,3
356,20834994022199432358117239076087879786734224697014068324550418630164266292172,24001,15,yes,yes,ValidatorSamplingOperation,100,1,190791|376324|376325|,0,293,0,3
314,20834994022199432358117239076087879786734224697014068324550418630164266292172,24001,,yes,yes,RandomSamplingOperation,73,1,190792|190793|190794|190795|190796|190797|190798|376344|376345|376346|376347|376348|376349|376350|376351|,0,294,,15
196,107758395224189915966009929936085500083576551061330295183245479691742702859344,24001,0,yes,yes,ValidatorSamplingOperation,100,1,190799|376431|376432|376433|,0,295,57,4
256,107758395224189915966009929936085500083576551061330295183245479691742702859344,24001,91,yes,yes,ValidatorSamplingOperation,100,1,190800|190801|376328|376329|,0,296,0,4
166,107758395224189915966009929936085500083576551061330295183245479691742702859344,24001,0,yes,yes,ValidatorSamplingOperation,100,1,190802|,0,297,11,1
196,107758395224189915966009929936085500083576551061330295183245479691742702859344,24001,68,yes,yes,ValidatorSamplingOperation,100,1,190803|376312|376313|,0,298,0,3
306,107758395224189915966009929936085500083576551061330295183245479691742702859344,24001,,yes,yes,RandomSamplingOperation,74,1,190804|190805|190806|190807|190808|376437|376438|376439|376440|376441|376442|376443|376444|376445|376446|376447|,0,299,,16
326,8494962651170941019486294942303452865045959709160683987927972345505688610755,24001,,no,yes,RandomSamplingOperation,74,1,190809|190810|190811|190812|190813|190814|190815|190816|190817|376542|376543|376544|376545|376546|376547|376548|,0,300,,16
300,62101433460086714777742258717986077936219151512656858979668212515437770683208,24001,,no,yes,RandomSamplingOperation,72,1,190818|190819|190820|190821|190822|190823|190824|190825|190826|376562|376563|376564|376565|,0,301,,13
522,80078577880492190055291958835687491351447235353520825150881534967336775717810,24001,0,yes,yes,ValidatorSamplingOperation,100,1,190827|376641|376642|376961|376962|,0,302,46,5
194,80078577880492190055291958835687491351447235353520825150881534967336775717810,24001,64,yes,yes,ValidatorSamplingOperation,100,1,190828|376236|376237|,0,303,0,3
522,80078577880492190055291958835687491351447235353520825150881534967336775717810,24001,0,yes,yes,ValidatorSamplingOperation,100,1,190829|376643|376644|376959|376960|,0,304,45,5
138,80078577880492190055291958835687491351447235353520825150881534967336775717810,24001,76,yes,yes,ValidatorSamplingOperation,100,1,190830|376238|376239|,0,305,0,3
256,80078577880492190055291958835687491351447235353520825150881534967336775717810,24001,,yes,yes,RandomSamplingOperation,72,1,190831|190832|190833|190834|190835|190836|376295|376296|376297|376298|376299|376300|376301|376302|,0,306,,14
426,109013771847957065744947126485427112651375275941206822465313116917139066007929,24001,,no,yes,RandomSamplingOperation,74,1,190837|190838|190839|190840|190841|190842|190843|190844|376568|376569|376570|376571|376572|376573|376574|376575|376967|376968|376969|376970|,0,307,,20
292,78506933086795364704086891885315902559701516460652039157379722272371046958496,24001,,no,yes,RandomSamplingOperation,71,1,190845|190846|190847|190848|190849|190850|190851|376617|376618|376619|376620|376621|376622|376623|,0,308,,14
74,16646573879907590399509196024616451507181138714942166530960518507274707557048,24001,0,yes,yes,ValidatorSamplingOperation,100,1,275386|,0,309,71,1
164,16646573879907590399509196024616451507181138714942166530960518507274707557048,24001,76,yes,yes,ValidatorSamplingOperation,100,1,275387|346346|346347|,0,310,0,3
168,16646573879907590399509196024616451507181138714942166530960518507274707557048,24001,0,yes,yes,ValidatorSamplingOperation,100,1,275388|,0,311,99,1
236,16646573879907590399509196024616451507181138714942166530960518507274707557048,24001,43,yes,yes,ValidatorSamplingOperation,100,1,275389|337961|337962|376539|376540|376541|,0,312,0,6
334,16646573879907590399509196024616451507181138714942166530960518507274707557048,24001,,yes,yes,RandomSamplingOperation,73,1,275390|275391|275392|275393|275394|275395|275396|275397|376356|376357|376358|376359|376360|376361|376362|376363|376364|376365|376366|,0,313,,19
270,90511429851826879211065261274096806209361290076668493692964796275875003980641,24001,,no,yes,RandomSamplingOperation,72,1,275398|275399|275400|275401|275402|275403|275404|376520|376521|376522|376523|376524|376525|,0,314,,13
264,113971621484583213149305319679067523870715092451021047447352655827264442281807,24001,0,yes,yes,ValidatorSamplingOperation,100,1,275405|275406|376230|376231|376232|,0,315,63,5
170,113971621484583213149305319679067523870715092451021047447352655827264442281807,24001,82,yes,yes,ValidatorSamplingOperation,100,1,275407|354833|354834|354835|,0,316,0,4
402,113971621484583213149305319679067523870715092451021047447352655827264442281807,24001,0,yes,yes,ValidatorSamplingOperation,100,1,275408|376281|376282|376934|376935|376936|,0,317,43,6
96,113971621484583213149305319679067523870715092451021047447352655827264442281807,24001,7,yes,yes,ValidatorSamplingOperation,100,1,275409|363099|363100|,0,318,0,3
334,113971621484583213149305319679067523870715092451021047447352655827264442281807,24001,,yes,yes,RandomSamplingOperation,74,1,275410|275411|275412|275413|275414|275415|275416|376586|376587|376588|376589|376590|376591|376592|376593|376594|376595|,0,319,,17
194,36093602753225695073056342998991212823352056071849651795082108548812171441038,24001,0,yes,yes,ValidatorSamplingOperation,100,1,275417|275418|275419|376376|376377|,0,320,20,5
204,36093602753225695073056342998991212823352056071849651795082108548812171441038,24001,79,yes,yes,ValidatorSamplingOperation,100,1,275420|350971|350972|,0,321,0,3
310,36093602753225695073056342998991212823352056071849651795082108548812171441038,24001,0,yes,no,ValidatorSamplingOperation,18,1,275421|347869|347870|376705|376706|,0,322,46,5
226,36093602753225695073056342998991212823352056071849651795082108548812171441038,24001,6,yes,yes,ValidatorSamplingOperation,100,1,275422|328106|328107|376434|376435|376436|,0,323,0,6
270,36093602753225695073056342998991212823352056071849651795082108548812171441038,24001,,yes,yes,RandomSamplingOperation,71,1,275423|275424|275425|275426|275427|275428|275429|275430|275431|376388|376389|376390|376391|376392|376393|376394|,0,324,,16
370,107226767459581317767844583912817849269583998434099643520621297707898981728768,24001,,no,yes,RandomSamplingOperation,73,1,275432|275433|275434|275435|275436|275437|275438|376283|376284|376285|376286|376287|376288|376289|376290|376291|376292|376945|376946|376947|376948|,0,325,,21
310,110830005025784807707885435240401099235828375068450137393853593228726798821950,24001,,no,yes,RandomSamplingOperation,73,1,275439|275440|275441|275442|275443|275444|275445|376610|376611|376612|376613|376614|376615|,0,326,,13
222,6139734692434225139696315491748680034056660966745086280273468544856540785789,24001,,no,yes,RandomSamplingOperation,73,1,275446|275447|275448|275449|275450|275451|275452|275453|275454|376448|376449|376450|376451|376452|376453|376454|376455|,0,327,,17
,62101433460086714777742258717986077936219151512656858979668212515437770683208,24000,,,,FindOperation,,,376716|376717|376718|376759|376759|376881|376881|376932|376932|376906|376906|376939|376939|376966|376966|376985|376985|376980|376980|376998|376998|377003|377003|377007|377007|377010|377010|377016|377016|377020|377017|377021|,16,328,,
,90511429851826879211065261274096806209361290076668493692964796275875003980641,24000,,,,FindOperation,,,376732|376733|376734|376784|376784|376847|376847|376872|376872|376933|376933|376937|376937|376956|376956|376981|376981|376974|376974|376994|376994|376995|376995|377002|377002|377001|377001|377005|377005|377013|377009|377014|,16,329,,
,78506933086795364704086891885315902559701516460652039157379722272371046958496,24000,,,,FindOperation,,,377022|377023|377024|377025|377025|377027|377027|377029|377029|377028|377028|377033|377033|377034|377034|377035|377035|377038|377038|377040|377040|377042|377042|377045|377045|377046|377046|377047|377047|377051|377052|377053|,16,330,,
,107442146857094918533505676591216762960158330958637723605132424179098757693914,24000,,,,FindOperation,,,377054|377055|377056|377057|377057|377063|377063|377066|377066|377076|377076|377071|377071|377083|377083|377080|377080|377089|377089|377093|377093|377088|377088|377107|377107|377116|377116|377129|377129|377114|377143|377137|,16,331,,
,112865437415906332786328398388168845416308980718933860169122309032360379224223,24000,,,,FindOperation,,,377058|377059|377060|377061|377061|377064|377064|377065|377065|377070|377070|377073|377073|377082|377082|377079|377079|377084|377084|377103|377103|377106|377106|377102|377102|377131|377131|377130|377130|377138|377155|377164|,16,332,,
,80078577880492190055291958835687491351447235353520825150881534967336775717810,24000,,,,FindOperation,,,377090|377091|377092|377097|377097|377112|377112|377113|377113|377120|377120|377142|377142|377153|377153|377158|377158|377161|377161|377166|377166|377178|377178|377175|377175|377200|377200|377199|377199|377202|377223|377228|,16,333,,
,89333137326635079115430978578397364590151192892532202457099489458922729533182,24000,,,,FindOperation,,,377098|377099|377100|377105|377105|377109|377109|377110|377110|377127|377127|377139|377139|377133|377133|377154|377154|377156|377156|377151|377151|377172|377172|377170|377170|377187|377187|377179|377179|377195|377197|377209|,16,334,,
,113971621484583213149305319679067523870715092451021047447352655827264442281807,24000,,,,FindOperation,,,377121|377122|377123|377128|377128|377152|377152|377147|377147|377148|377148|377168|377168|377169|377169|377177|377177|377198|377198|377196|377196|377213|377213|377211|377211|377225|377225|377232|377232|377231|377241|377245|,16,335,,
,81369626915381206686123294800870750548857161636807104342760885069864211144176,24000,,,,FindOperation,,,377183|377184|377185|377190|377190|377192|377192|377194|377194|377208|377208|377214|377214|377219|377219|377234|377234|377230|377230|377239|377239|377248|377248|377246|377246|377254|377254|377256|377256|377260|377272|377276|,16,336,,
,15816423376537687498175658716381325840356423323453352469729329490184209416980,24000,,,,FindOperation,,,377204|377205|377206|377212|377212|377220|377220|377222|377222|377235|377235|377242|377242|377249|377249|377253|377253|377261|377261|377259|377259|377269|377269|377268|377268|377277|377277|377287|377287|377286|377296|377300|,16,337,,
,21444763903864228777611728735683311458635985122844023709586719375032296896384,24000,,,,FindOperation,,,377262|377263|377264|377266|377266|377270|377270|377271|377271|377279|377279|377282|377282|377288|377288|377289|377289|377293|377293|377290|377290|377297|377297|377302|377302|377299|377299|377304|377304|377307|377308|377309|,16,338,,
,8523364268682509341164509062146178716950902529288496594674276389115196640448,24000,,,,FindOperation,,,377310|377311|377312|377313|377313|377314|377314|377316|377316|377325|377325|377321|377321|377332|377332|377338|377338|377336|377336|377340|377340|377347|377347|377353|377353|377355|377355|377359|377359|377364|377367|377366|,16,339,,
,83814183170291850251680823880522715558189094423550585243365458794131648333116,24000,,,,FindOperation,,,377318|377319|377320|377323|377323|377324|377324|377330|377330|377328|377328|377335|377335|377339|377339|377342|377342|377346|377346|377348|377348|377354|377354|377362|377362|377363|377363|377365|377365|377376|377379|377378|,16,340,,
,107226767459581317767844583912817849269583998434099643520621297707898981728768,24000,,,,FindOperation,,,377370|377371|377372|377373|377373|377377|377377|377380|377380|377381|377381|377386|377386|377385|377385|377392|377392|377399|377399|377403|377403|377405|377405|377391|377391|377411|377411|377412|377412|377420|377428|377430|,16,341,,
,19191192076126320640924247483532137198489043609278031166569798519948120420409,24000,,,,FindOperation,,,377387|377388|377389|377393|377393|377398|377398|377417|377417|377404|377404|377426|377426|377425|377425|377439|377439|377446|377446|377447|377447|377459|377459|377458|377458|377454|377454|377466|377466|377465|377467|377469|,16,342,,
,36093602753225695073056342998991212823352056071849651795082108548812171441038,24000,,,,FindOperation,,,377395|377396|377397|377402|377402|377408|377408|377423|377423|377418|377418|377429|377429|377433|377433|377422|377422|377435|377435|377441|377441|377442|377442|377448|377448|377445|377445|377453|377453|377455|377461|377462|,16,343,,
,21083679024840227917741926176471142862932536578380136110289082334138381274505,24000,,,,FindOperation,,,377470|377471|377472|377473|377473|377475|377475|377476|377476|377478|377478|377479|377479|377482|377482|377483|377483|377485|377485|377489|377489|377491|377491|377492|377492|377496|377496|377497|377497|377493|377500|377501|,16,344,,
,107758395224189915966009929936085500083576551061330295183245479691742702859344,24000,,,,FindOperation,,,377502|377503|377504|377505|377505|377506|377506|377508|377508|377511|377511|377515|377515|377512|377512|377517|377517|377513|377513|377521|377521|377525|377525|377522|377522|377528|377528|377523|377523|377531|377536|377535|,16,345,,
,50257864748696071111545604552366529653683846146637534008155069048676665739852,24000,,,,FindOperation,,,377532|377533|377534|377537|377537|377538|377538|377539|377539|377541|377541|377545|377545|377547|377547|377548|377548|377549|377549|377554|377554|377553|377553|377556|377556|377559|377559|377560|377560|377562|377563|377573|,16,346,,
,43568084745305296127223125163439810702938064612217787378858319248651442968139,24000,,,,FindOperation,,,377565|377566|377567|377568|377568|377570|377570|377571|377571|377572|377572|377577|377577|377580|377580|377583|377583|377579|377579|377582|377582|377591|377591|377598|377598|377602|377602|377608|377608|377610|377601|377605|,16,347,,
,109013771847957065744947126485427112651375275941206822465313116917139066007929,24000,,,,FindOperation,,,377584|377585|377586|377588|377588|377590|377590|377592|377592|377596|377596|377607|377607|377603|377603|377613|377613|377615|377615|377618|377618|377619|377619|377614|377614|377623|377623|377624|377624|377625|377628|377629|,16,348,,
,110830005025784807707885435240401099235828375068450137393853593228726798821950,24000,,,,FindOperation,,,377630|377631|377632|377633|377633|377635|377635|377637|377637|377636|377636|377641|377641|377642|377642|377643|377643|377648|377648|377647|377647|377652|377652|377649|377649|377655|377655|377657|377657|377656|377663|377668|,16,349,,
,58264319852933632286469580619958992168067118685244184571393188136088086908036,24000,,,,FindOperation,,,377660|377661|377662|377664|377664|377665|377665|377669|377669|377666|377666|377678|377678|377677|377677|377681|377681|377689|377689|377699|377699|377698|377698|377697|377697|377707|377707|377711|377711|377713|377727|377728|,16,350,,
,71896941978754809488137974348151998693205792533709324513258578369466739949960,24000,,,,FindOperation,,,377672|377673|377674|377676|377676|377682|377682|377679|377679|377683|377683|377688|377688|377692|377692|377695|377695|377701|377701|377705|377705|377706|377706|377722|377722|377726|377726|377723|377723|377735|377739|377741|,16,351,,
,16646573879907590399509196024616451507181138714942166530960518507274707557048,24000,,,,FindOperation,,,377708|377709|377710|377714|377714|377715|377715|377720|377720|377732|377732|377737|377737|377730|377730|377733|377733|377742|377742|377745|377745|377749|377749|377746|377746|377752|377752|377753|377753|377748|377756|377757|,16,352,,
